id,opportunity_id,volunteer_id,status,message,created_at
1,1,1,pending,"Hi, I'm Ava and interested in contributing.",2025-09-20 06:06:26
2,2,1,pending,"Hi, I'm Ava and interested in contributing.",2025-09-20 06:06:26
3,3,1,pending,"Hi, I'm Ava and interested in contributing.",2025-09-20 06:06:26
4,1,2,pending,,2025-09-20 06:06:26
5,2,2,pending,,2025-09-20 06:06:26
6,3,2,pending,"Hi, I'm Marcus and interested in contributing.",2025-09-20 06:06:26
7,1,3,pending,,2025-09-20 06:06:26
8,2,3,pending,"Hi, I'm Sofia and interested in contributing.",2025-09-20 06:06:26
9,3,3,pending,"Hi, I'm Sofia and interested in contributing.",2025-09-20 06:06:26
10,1,4,pending,"Hi, I'm Ethan and interested in contributing.",2025-09-20 06:06:26
11,2,4,pending,"Hi, I'm Ethan and interested in contributing.",2025-09-20 06:06:26
12,3,4,pending,"Hi, I'm Ethan and interested in contributing.",2025-09-20 06:06:26
