id,thread_id,sender_type,sender_id,receiver_type,receiver_id,body,created_at
1,1,volunteer,1,organization,1,"Hi, I'm Ava and interested in contributing.",2025-09-20 06:06:26
2,2,volunteer,1,organization,2,"Hi, I'm Ava and interested in contributing.",2025-09-20 06:06:26
3,3,volunteer,1,organization,3,"Hi, I'm Ava and interested in contributing.",2025-09-20 06:06:26
4,4,volunteer,2,organization,3,"Hi, I'm Marcus and interested in contributing.",2025-09-20 06:06:26
5,5,volunteer,3,organization,2,"Hi, I'm Sofia and interested in contributing.",2025-09-20 06:06:26
6,6,volunteer,3,organization,3,"Hi, I'm Sofia and interested in contributing.",2025-09-20 06:06:26
7,7,volunteer,4,organization,1,"Hi, I'm Ethan and interested in contributing.",2025-09-20 06:06:26
8,8,volunteer,4,organization,2,"Hi, I'm Ethan and interested in contributing.",2025-09-20 06:06:26
9,9,volunteer,4,organization,3,"Hi, I'm Ethan and interested in contributing.",2025-09-20 06:06:26
