id,org_id,title,description,required_skills,tags,schedule,latitude,longitude,created_at
1,1,Saturday Garden Build Crew,Assist with constructing raised beds and irrigation setup.,"physical,teamwork","environment,community",Saturday mornings,40.7132,-74.0009,2025-09-20 06:06:26
2,2,ESL Evening Tutor,Support adult learners with conversational English.,"teaching,communication","education,language",Tue/Thu 6-8pm,34.0400,-118.2500,2025-09-20 06:06:26
3,3,Wildlife Intake Assistant,Assist with triage forms and basic stabilization.,"first-aid,organization","environment,rescue",Flexible shifts,47.6065,-122.3350,2025-09-20 06:06:26
4,4,Mobile Health Screening Support,Set up stations and guide visitors through screening process.,"logistics,communication","health,community",Sat/Sun events,41.8800,-87.6300,2025-09-20 06:06:26
5,5,STEM Robotics Mentor,Mentor middle-school students building simple robots.,"teaching,mentoring","education,technology",Weds 4-6pm,37.7790,-122.4180,2025-09-20 06:06:26
6,6,Creative Arts Workshop Co-Facilitator,Co-lead therapeutic art sessions; prep materials.,"art,creativity,facilitation","arts,therapy",Weekday evenings,29.7608,-95.3650,2025-09-20 06:06:26
7,5,Data Cleanup & Impact Dashboard,Normalize historical volunteer sign-in sheets into structured CSV.,"data,organization","technology,analysis",Remote flexible,37.7740,-122.4200,2025-09-20 06:06:26
8,1,Garden Compost Operations,"Turn compost piles, monitor temperature logs.","physical,teamwork","environment,sustainability",Sunday mornings,40.7142,-74.0050,2025-09-20 06:06:26
9,4,Health Outreach Bilingual Caller,Call community members with screening reminders (Spanish/English).,"bilingual,communication","health,outreach",Weekday evenings,41.8820,-87.6280,2025-09-20 06:06:26
10,1,Fundraising Research Assistant,Identify small grant opportunities & summarize criteria.,"research,fundraising","community,development",Remote flexible,40.7160,-74.0020,2025-09-20 06:06:26
