id,name,email,password_hash,description,needs,latitude,longitude,verified
1,Urban Garden Collective,garden@ugc.org,scrypt:32768:8:1$CIB6EeHy0z2AxgFM$4098479dcf155565ba337436bacac5f206f9cb7c30116d70fe0e1eaf67e536ab91f1eed0c0e2ea0248bff3fe5d2c1736f062cab51333f36f9d89b336f609b977,Neighborhood urban agriculture & food access,"Volunteer coordinators, compost team",40.7128,-74.0060,1
2,Metro Literacy Alliance,literacy@mla.org,scrypt:32768:8:1$TQPQRyniIPNIniBp$723f1f5a54f589eb9740ca987fedfe479b5b64fc7978d830414bdb45f8a73ddc2c97f268e46c0f97683a6f14cc1fef42286ffe42c30e51300bc8efe5e31e3a95,Adult literacy & ESL tutoring,Evening tutors,34.0522,-118.2437,1
3,Harbor Wildlife Rescue,wildlife@harborwr.org,scrypt:32768:8:1$nHfaMNK9spiFMDRE$94800e996ba0f55ddcfa63532244eedd92b83ff4322d8fc8afa32d55794e76209cdafaea0ddc4b69de4917a5ddc0026dfca55902f9cc6281fb1848b071e460d7,Rescue & rehabilitate injured coastal wildlife,"Transport, intake triage",47.6062,-122.3321,1
4,Community Health Outreach,outreach@cho.org,scrypt:32768:8:1$JWDj32120vEgIjPW$1bfab750b4a3e6995c25d0b18435cd8612cbc433551acb3ad953169e3dea12d24aa040c6ad6ed301f02363c121cfc5bc509618a6446755c0850a6e69d500ea15,Preventative screenings & health education,Bilingual outreach staff,41.8781,-87.6298,1
5,STEM Spark Foundation,stem@sparksf.org,scrypt:32768:8:1$CIHf5OOz6cvU6QVV$f657e60be88c5dc7371083647dca12b59132d2174789e90815a222e519ee2c2718dbe3cb963d1a4512e30ffe62aa0b5ce7e9c244c33691cfa416a655ddaa15cb,STEM mentoring for underserved youth,Mentor onboarding,37.7749,-122.4194,1
6,Art Bridge Initiative,hello@artbridge.io,scrypt:32768:8:1$kN9k8WB8cu5NMczj$accb7d32063438faf0a3cdda2a9b2a10759f56187be8f68f5c520ee36b1e055c9c1d4e3a778d4ea0a7000ea29b8b96b4d4b903d70f6d9b54e399e1260af6f6a3,Art therapy & creative workshops,Session co-facilitators,29.7604,-95.3698,1
