id,name,email,password_hash,skills,interests,availability,latitude,longitude
1,Ava Patel,ava.patel@example.com,scrypt:32768:8:1$bgUPowB8DvhXPKjs$6acff87f4b4b06bb544fda30d83ce60543df678e0a04868b52faf1fcbbbf3b618ba6f22f5cb15abef7e9e6308e8c185065837b97f507e595fb7f1f65ca9624fb,"teaching,communication,organization","education,community",weeknights,40.7306,-73.9352
2,Marcus Lee,marcus.lee@example.com,scrypt:32768:8:1$2yw6ua9wUT06VMC8$e9eee0715940c2d46f2832aa21c3b85c6a923c4999903c4e32d3bd36220d9177b57ef3dcbc971a2157740be11601cfc58fd9ca6e088a404f74f7d6d5a74ee7e9,"first-aid,logistics,teamwork","health,environment",weekends,34.0407,-118.2468
3,Sofia Hernandez,sofia.h@example.com,scrypt:32768:8:1$lNJRakz0sNDzgvyD$00c4181340db5e3e3736dc741c205263e9762bdd913d89fd700c4ec172a46184f6045350fa429f94d135726b3924c6e175eb596dd568d2479c3e79cff27c04d2,"bilingual,communication,outreach","health,education",flexible,41.8853,-87.6229
4,Ethan Chen,ethan.chen@example.com,scrypt:32768:8:1$9DhsyFFpTA6luNp5$c923d8f2485171474b41b4f7fc5cf8bfa1d11d0185acadb678ba214b3a11aca9b8cb1d0a0cc1482f028c761846ef3a35679ed5d1f94f9eadd6a69555f6a56b68,"python,data,analysis","education,technology",weekdays,37.7810,-122.4112
5,Jamal Brown,jamal.brown@example.com,scrypt:32768:8:1$oLzDJX5K8Yna4sYw$39c3b8bd8558d411f99413abb6fbdc197e3eeae7d22c17615a48930ab6e9f90e474c910302d81de090bcdc2f93cd4bc8bcb5d80f712909a1f118b1bc0cba033e,"mentoring,teaching,teamwork","youth,education",weekends,29.7520,-95.3700
6,Lena Kovacs,lena.kovacs@example.com,scrypt:32768:8:1$mLwQxML4XoMt3B4p$7b07c0767c2f279af529fcdac5c75dbf1535fc75bcf3d41399ce7fa419b6e4e6141e8bce87d690deffeed6c740b508bb03f69405b2db4ededcb9e2b23b0ecf37,"art,creativity,facilitation","arts,community",evenings,47.6101,-122.3421
7,Priya Singh,priya.singh@example.com,scrypt:32768:8:1$ndmTUg2hFhyhqbCN$5d1913aec8ef1a6a273eb4376a597f4a9022838c2684cc610bbb643caedc345bcef21733ca59e35217a748874d6b09979ede4ac1f184023889cdf2760255eb10,"fundraising,organization,communication","community,environment",flexible,40.7210,-73.9950
8,Noah Williams,noah.williams@example.com,scrypt:32768:8:1$SE3fNLTZJ3JteFt4$64f9e8b0a59926237c189fab22f578c51c88d9f58b2b465fb928d153f7bb9f02021e94d656ea50e2cd6a6994de09b14b14acfda9fac6254732d1eb98e13d363e,"physical,teamwork,coordination","environment,logistics",weekends,34.0600,-118.3000
9,asdasd,asdasd,scrypt:32768:8:1$DY5OjHwd5RP74VqI$9f147cd2a3732f620eab681a61ddfb7355b8c11ee8a2bfde898493cfb41c5dbfbca5543391d41f4a29a991fb793544fc4660dcbe90cdb81628024d7bea19b27f,"teaching, communication, organization, translation, fundraising, first-aid","environment, health, education, arts, community, logistics","Saturday,Sunday",23.079165,76.860554
